date,predicted_sales,lower_bound,upper_bound,actual_sales
2014-01-02,1967.14,-636.12,4715.86,468.9
2014-01-03,1960.25,-713.54,4462.26,2203.15
2014-01-04,1920.67,-667.22,4633.34,119.88999999999999
2014-01-06,1772.04,-877.51,4368.55,5188.5199999999995
2014-01-07,2058.59,-546.37,4987.99,601.0199999999999
2014-01-08,1770.77,-792.06,4214.04,228.32
2014-01-09,1519.16,-915.17,4277.14,469.43
2014-01-10,1447.36,-1223.13,3957.2,4.71
2014-01-11,1351.88,-1247.2,3769.88,4732.09
2014-01-12,1261.26,-1435.19,3850.76,5624.4
2014-02-02,1328.11,-1417.4,4007.25,211.65
2014-02-03,1410.5,-1191.49,4093.72,202.38
2014-02-04,1903.53,-889.96,4517.05,1458.56
2014-02-05,1817.48,-829.58,4587.63,506.12
2014-02-06,1773.41,-924.11,4407.17,738.6
2014-02-07,1914.63,-939.14,4621.15,79.56
2014-02-08,2029.36,-720.26,4884.75,886.28
2014-02-09,2143.2,-641.5,4869.12,3254.15
2014-02-10,2199.73,-540.45,4753.22,598.15
2014-02-11,2657.46,-86.06,5366.31,2126.36
2014-02-12,2522.0,-229.36,4986.79,1771.8
2014-03-01,1820.39,-850.3,4502.56,16.45
2014-03-02,1724.24,-982.0,4324.75,97.11
2014-03-03,1576.6,-963.49,4114.56,1345.8899999999999
2014-03-04,1845.99,-709.07,4439.64,233.45
2014-03-05,1523.47,-1066.31,4020.08,72.64
2014-03-06,1246.87,-1440.01,3759.06,741.3399999999999
2014-03-08,1065.25,-1521.32,3592.8,477.99
2014-03-09,974.9,-1642.42,3757.08,22.08
2014-03-10,838.91,-1651.23,3591.31,862.68
2014-03-11,1128.02,-1470.49,3754.07,2784.17
2014-03-12,827.44,-1851.31,3417.38,505.88
2014-04-01,1015.66,-1811.72,3608.04,288.06
2014-04-02,880.19,-1977.76,3540.08,134.39000000000001
2014-04-03,794.76,-1965.48,3404.77,370.45
2014-04-04,909.86,-1588.67,3565.21,475.84000000000003
2014-04-05,1004.91,-1577.58,3593.08,187.43
2014-04-06,1107.1,-1580.68,3676.93,456.27
2014-04-07,1157.77,-1425.28,3865.77,247.41
2014-04-08,1635.93,-978.6,4307.92,2743.15
2014-04-10,1411.57,-1276.58,3967.15,728.75
2014-04-11,1513.4,-1135.88,4093.14,6693.75
2014-04-12,1586.65,-1319.95,4179.06,129.98
2014-05-01,1271.7,-1477.32,3937.85,19.54
2014-05-03,1194.29,-1608.86,3840.02,705.56
2014-05-04,1157.88,-1478.51,3815.02,5295.1
2014-05-05,1075.25,-1498.27,3675.6,260.98
2014-05-07,1185.93,-1346.02,3666.22,1444.1100000000001
2014-05-08,988.78,-1607.18,3439.56,2408.72
2014-05-09,1001.95,-1454.48,3811.03,296.3
2014-05-10,1000.08,-1653.41,3529.53,191.9
2014-05-11,1012.08,-1610.55,3691.15,1694.5699999999997
2014-05-12,978.53,-1757.33,3490.89,2963.65
2014-06-01,1147.47,-1626.3,3741.84,4407.1
2014-06-02,1062.05,-1617.2,3774.2,330.51
2014-06-04,1143.34,-1759.03,3616.19,1650.6799999999998
2014-06-05,912.78,-1921.47,3426.84,254.46
2014-06-06,889.27,-1568.12,3500.7,1373.99
2014-06-07,844.05,-1686.14,3524.4,1038.47
2014-06-08,808.06,-1848.46,3514.89,262.89
2014-06-09,722.27,-1926.36,3339.12,100.36
2014-06-10,1091.03,-1637.36,3833.0,494.71
2014-06-11,828.0,-1917.73,3595.52,43.68
2014-06-12,619.68,-2165.22,3240.34,1970.99
2014-07-01,1496.53,-1188.06,4213.83,87.16
2014-07-02,1285.45,-1359.44,3782.45,180.32
2014-07-03,1117.75,-1506.24,3501.09,1561.06
2014-07-04,1155.38,-1512.44,3836.11,1021.1700000000001
2014-07-05,1163.73,-1449.1,3854.64,1091.35
2014-07-06,1173.42,-1802.05,3839.8,281.4
2014-07-07,1123.47,-1450.47,3673.7,241.2
2014-07-09,1278.49,-1459.6,3998.26,3523.88
2014-07-10,1075.4,-1655.31,3688.31,237.35999999999999
2014-07-11,1082.68,-1643.3,3670.06,1449.1399999999999
2014-07-12,1065.56,-1731.37,3668.45,548.4
2014-08-02,1543.51,-1336.64,4301.32,14.56
2014-08-04,1600.98,-1234.47,4164.95,1958.7500000000002
2014-08-05,2061.07,-743.51,4776.09,1799.97
2014-08-06,1850.52,-699.75,4626.49,2501.26
2014-08-07,1682.17,-1088.44,4292.86,763.0699999999999
2014-08-08,1721.57,-1109.92,4259.03,3955.6499999999996
2014-08-09,1727.8,-958.65,4093.93,14228.42
2014-08-10,1731.83,-816.78,4399.52,147.39
2014-08-11,1670.78,-746.35,4405.06,333.58
2014-08-12,2071.29,-646.61,4723.28,1095.1299999999999
2014-09-01,801.08,-1961.64,3482.88,40.54
2014-09-05,936.74,-1723.58,3560.08,394.48
2014-09-06,982.04,-1459.99,3772.94,5462.99
2014-09-07,1037.87,-1439.53,3789.6,265.51
2014-09-08,1038.89,-1536.41,3726.72,3605.68
2014-09-09,1520.43,-1268.01,4185.27,4043.5899999999997
2014-09-10,1322.18,-1427.43,3875.91,249.35999999999999
2014-09-11,1174.04,-1497.07,3858.65,1574.1000000000001
2014-09-12,1245.14,-1578.04,3945.45,1522.66
2014-10-01,1327.95,-1334.54,4045.19,54.83
2014-10-03,1123.15,-1537.18,3906.09,741.9599999999999
2014-10-05,1115.02,-1455.72,3745.11,2343.79
2014-10-06,1062.55,-1713.85,3726.52,491.55
2014-10-09,1062.42,-1681.6,3623.06,1855.2299999999998
2014-10-10,1099.5,-1435.71,3833.26,2049.37
2014-10-11,1114.23,-1568.68,3799.14,2002.56
2014-10-12,1138.6,-1400.2,3985.5,573.33
2014-11-01,1183.03,-1578.51,3774.4,9.94
2014-11-02,1191.19,-1348.89,3910.83,2043.4
2014-11-03,1142.58,-1611.4,3630.91,918.31
2014-11-04,1594.62,-854.14,4273.01,1915.23
2014-11-05,1344.28,-1123.48,3928.35,1642.79
2014-11-07,1190.65,-1610.63,3650.65,2187.21
2014-11-08,1208.26,-1360.66,3838.02,451.62
2014-11-09,1236.48,-1260.92,3784.41,127.95
2014-11-10,1208.09,-1412.33,3698.81,1381.1599999999999
2014-11-11,1682.28,-872.33,4453.69,8114.54
2014-12-02,1667.46,-1070.45,4247.76,129.57
2014-12-04,1152.71,-1640.99,3809.83,1912.1299999999999
2014-12-05,1163.12,-1506.59,3849.08,734.8499999999999
2014-12-07,1157.76,-1494.45,3717.81,1960.02
2014-12-08,1109.81,-1595.61,3773.31,1832.38
2014-12-09,1580.05,-1311.15,4041.54,4904.66
2014-12-10,1338.25,-1468.0,4076.97,58.53
2014-12-11,1161.31,-1427.48,3806.74,1054.75
2014-12-12,1230.27,-1511.41,3713.93,4938.4
2015-01-03,2564.43,-63.18,5267.57,1642.1699999999998
2015-01-05,2407.48,-255.63,5235.79,450.94
2015-01-06,2794.79,188.95,5550.36,834.2
2015-01-08,2119.13,-456.54,4910.17,1011.7
2015-01-09,2034.13,-577.87,4517.37,2367.56
2015-01-10,1915.47,-755.3,4728.85,1158.4099999999999
2015-01-11,1800.0,-791.36,4312.46,3106.1
2015-01-12,1620.58,-852.45,4381.89,7130.59
2015-02-01,1529.16,-1000.03,4356.39,1932.0900000000001
2015-02-03,2262.09,-355.5,4986.08,899.5699999999999
2015-02-04,2150.61,-558.16,4765.47,299.23
2015-02-05,2096.42,-637.95,4725.56,167.24
2015-02-07,2440.65,-265.24,5089.92,1631.8899999999999
2015-02-08,2598.45,132.24,5278.89,1290.48
2015-02-10,3290.18,794.54,5900.34,1269.26
2015-02-11,3132.63,351.03,5670.49,5528.54
2015-03-01,2388.8,-190.34,5138.77,1768.23
2015-03-02,2201.98,-435.17,4600.26,492.83
2015-03-05,1777.72,-580.94,4441.3,2198.77
2015-03-07,1536.95,-1065.58,4193.28,823.98
2015-03-09,1233.96,-1330.78,3886.05,1874.8999999999999
2015-03-10,1596.97,-1168.33,4218.87,275.22
2015-03-11,1202.41,-1384.81,3888.5,2800.85
2015-03-12,872.8,-1753.2,3351.68,1972.63
2015-04-01,995.82,-1426.88,3865.17,264.46000000000004
2015-04-04,1140.31,-1647.28,3647.33,1484.6
2015-04-05,1269.61,-1430.99,3936.44,1121.3600000000001
2015-04-06,1335.06,-1363.7,3844.84,1192.31
2015-04-07,1948.38,-603.13,4379.57,1138.29
2015-04-09,1673.15,-1110.48,4193.47,1071.29
2015-04-10,1811.58,-766.77,4603.58,505.58
2015-04-12,2019.13,-836.43,4508.74,5185.81
2015-05-01,1671.52,-1093.03,4311.57,295.27
2015-05-03,1550.3,-1038.38,4247.14,1969.27
2015-05-04,1436.03,-1288.22,3971.42,2974.0499999999997
2015-05-06,1555.1,-1004.4,4237.6,1533.2
2015-05-07,1292.73,-1313.65,3790.96,121.64999999999999
2015-05-08,1297.42,-1512.64,3877.29,72.65
2015-05-09,1283.09,-1429.48,3949.33,934.0999999999999
2015-05-10,1286.76,-1280.99,3885.85,851.09
2015-05-11,1233.29,-1380.77,3813.33,834.87
2015-05-12,1748.26,-834.48,4174.25,897.3100000000001
2015-06-01,1414.08,-1248.58,4073.81,31.540000000000003
2015-06-02,1873.66,-649.39,4529.9,2432.54
2015-06-03,1526.09,-1107.14,4063.63,1555.24
2015-06-04,1236.27,-1396.87,3867.49,140.01
2015-06-07,1098.34,-1552.94,3480.57,1379.81
2015-06-08,984.36,-1669.08,3632.59,494.87
2015-06-09,1443.41,-1243.94,4126.57,1005.65
2015-06-11,829.0,-1828.17,3412.97,11.48
2015-06-12,826.6,-1858.33,3383.59,6061.49
2015-07-02,1383.7,-1239.88,4161.06,324.10999999999996
2015-07-03,1440.34,-1202.33,3973.78,807.54
2015-07-04,1460.03,-1210.99,4097.54,907.4399999999999
2015-07-05,1481.04,-1222.05,4149.42,305.63
2015-07-06,1426.31,-1331.44,4078.81,59.769999999999996
2015-07-08,1634.76,-1105.09,4119.54,968.1999999999999
2015-07-09,1383.81,-1314.99,4029.25,2922.67
2015-07-11,1376.06,-1345.65,3900.52,3073.07
2015-07-12,1363.35,-1291.4,3910.59,1338.3
2015-08-02,1936.85,-842.45,4432.6,129.09
2015-08-03,1942.77,-544.56,4576.7,2563.3
2015-08-05,2276.74,-89.23,4752.64,3981.96
2015-08-06,2078.2,-592.9,4639.28,1083.1200000000001
2015-08-07,2141.1,-543.45,4828.04,21.12
2015-08-08,2163.02,-518.44,4643.86,840.1
2015-08-09,2182.48,-555.21,5105.06,89.64
2015-08-10,2120.34,-442.25,4639.86,222.12
2015-08-11,2635.98,-146.92,5446.32,12196.99
2015-08-12,2305.33,-317.01,5065.95,2672.73
2015-09-01,1538.47,-1232.9,4108.77,364.07
2015-09-02,1253.58,-1318.09,3868.89,785.55
2015-09-03,1042.29,-1620.74,3641.15,478.01
2015-09-04,1115.07,-1396.55,3726.48,757.99
2015-09-05,1164.48,-1506.68,3753.19,48.81
2015-09-06,1228.84,-1414.99,3827.34,797.12
2015-09-07,1226.65,-1552.34,4100.72,1587.1100000000001
2015-09-08,1825.94,-911.87,4401.2,4878.400000000001
2015-09-10,1396.14,-1070.1,3942.89,2133.53
2015-09-11,1488.61,-1325.55,4137.01,4620.29
2015-09-12,1547.49,-1083.18,4090.39,34.02
2015-10-01,1417.01,-1453.56,3934.84,1018.1
2015-10-02,1426.6,-1136.8,3951.12,77.24
2015-10-03,1408.98,-1142.31,3923.45,90.92999999999999
2015-10-04,1404.91,-1227.08,4000.94,169.54
2015-10-05,1333.48,-1408.56,3863.89,154.44
2015-10-07,1559.88,-1239.58,4177.21,43.29
2015-10-08,1315.49,-1509.0,3754.28,851.47
2015-10-09,1356.5,-1526.98,4098.36,1415.73
2015-10-10,1370.43,-1183.78,4119.12,2248.2
2015-10-11,1397.13,-1305.34,4047.88,3536.9
2015-10-12,1354.38,-1303.78,3939.24,3080.38
2015-11-04,1660.83,-1170.61,4307.74,1328.3500000000001
2015-11-05,1416.28,-1113.99,3963.13,191.97
2015-11-06,1460.64,-1078.51,3802.09,3373.56
2015-11-07,1477.41,-1325.59,4087.26,1941.95
2015-11-08,1507.53,-893.05,4052.95,196.11
2015-11-09,1468.05,-1188.56,4148.62,1962.13
2015-11-10,2050.82,-776.59,4658.01,1011.9000000000001
2015-11-11,1760.14,-791.38,4525.68,542.18
2015-11-12,1538.5,-1056.6,4271.06,1590.9
2015-12-01,2103.63,-386.65,4951.44,854.62
2015-12-03,1461.44,-1217.21,3960.38,51.019999999999996
2015-12-04,1467.61,-1135.42,4274.7,40.74
2015-12-05,1446.78,-1468.69,3920.73,1060.34
2015-12-06,1442.07,-1266.76,4039.6,174.48
2015-12-07,1370.97,-1251.84,3826.14,2052.57
2015-12-09,1624.38,-771.46,4203.02,707.82
2015-12-10,1391.02,-1334.35,4131.92,2390.7599999999998
2015-12-11,1460.05,-1126.46,4217.39,1127.99
2015-12-12,1509.56,-1121.86,4109.66,1448.8600000000001
2016-01-02,3203.82,660.12,5950.06,161.97
2016-01-03,3179.18,768.91,5788.19,6285.8
2016-01-04,3059.1,441.69,5624.54,2161.47
2016-01-05,3556.11,898.22,6256.39,517.86
2016-01-07,2764.06,179.7,5461.27,1724.38
2016-01-08,2674.02,-33.68,5160.28,1124.65
2016-01-09,2539.41,-127.03,5098.87,5766.160000000001
2016-01-10,2405.15,-293.34,5008.03,781.42
2016-01-11,2188.69,-661.13,4807.22,453.37
2016-01-12,2607.23,-10.17,5260.77,7365.46
2016-02-01,1766.1,-817.89,4481.44,405.91999999999996
2016-02-02,2530.91,32.83,5268.88,8996.78
2016-02-04,2322.18,-455.37,4936.04,1454.9
2016-02-05,2554.13,-38.19,5168.38,1098.1399999999999
2016-02-06,2751.28,169.84,5278.77,157.84
2016-02-07,2953.5,409.74,5604.59,772.78
2016-02-08,3071.48,456.35,5641.51,482.58000000000004
2016-02-09,3826.33,1191.04,6342.01,6792.21
2016-02-10,3652.23,1012.32,6362.74,18452.97
2016-02-12,3696.74,945.76,6204.34,4684.61
2016-03-01,3315.48,704.91,6175.72,2095.83
2016-03-02,2813.09,138.14,5209.19,866.4
2016-03-03,2379.01,-248.11,5015.77,7264.42
2016-03-04,2246.34,-448.87,4807.39,441.2
2016-03-05,2081.13,-283.16,4843.47,1099.02
2016-03-06,1928.2,-557.1,4580.23,71.09
2016-03-07,1701.22,-966.32,4416.55,847.6999999999999
2016-03-08,2134.38,-436.67,4813.41,248.82
2016-03-09,1645.56,-884.4,4262.53,2365.59
2016-03-10,1234.55,-1399.57,3954.37,1680.6999999999998
2016-03-11,1134.65,-1513.17,3736.91,3802.8
2016-03-12,1010.32,-1522.25,3877.33,5269.82
2016-04-01,1074.36,-1538.15,3668.8,1069.22
2016-04-02,1210.99,-1592.64,3867.58,197.87
2016-04-03,1363.11,-1156.22,3906.69,315.45
2016-04-04,1440.24,-1261.04,4095.98,970.1899999999999
2016-04-06,1985.13,-739.78,4515.6,2316.5099999999998
2016-04-07,1857.31,-989.89,4493.71,1651.3
2016-04-08,2032.15,-583.45,4658.82,497.9
2016-04-09,2167.14,-559.04,4864.44,4532.04
2016-04-10,2304.54,-201.75,4651.73,5912.78
2016-04-11,2353.62,-371.4,4920.02,3888.8199999999997
2016-04-12,3056.96,385.11,5660.3,944.29
2016-05-01,1972.4,-808.66,4429.69,255.9
2016-05-02,1825.85,-740.73,4530.78,2994.48
2016-05-03,2357.33,-256.31,4826.91,162.34
2016-05-04,1946.28,-728.39,4563.45,1046.33
2016-05-05,1617.09,-997.11,4273.09,2701.29
2016-05-06,1608.64,-1135.33,4281.34,659.8199999999999
2016-05-08,1566.84,-1095.13,4264.03,197.05
2016-05-09,1488.42,-1110.7,4219.63,5226.36
2016-05-11,1757.59,-909.64,4419.78,4266.9
2016-05-12,1503.13,-1207.01,4209.18,5267.01
2016-06-02,1575.45,-1039.18,4093.96,132.22
2016-06-03,1542.75,-1118.03,4046.22,811.3
2016-06-04,1472.63,-1323.31,3910.37,1294.75
2016-06-05,1412.01,-1116.58,4102.83,236.97
2016-06-06,1271.6,-1328.76,3844.52,6026.3099999999995
2016-06-08,1398.48,-1216.09,3919.99,320.39
2016-06-09,1061.49,-1494.44,3656.8,1313.52
2016-06-10,1047.1,-1676.26,3584.83,830.4000000000001
2016-06-11,1006.84,-1839.76,3633.18,773.25
2016-06-12,987.03,-1667.55,3541.45,3878.27
2016-07-01,1685.88,-868.25,4177.02,83.58
2016-07-02,1720.32,-871.63,4295.15,762.1400000000001
2016-07-03,1756.36,-831.96,4435.21,21.07
2016-07-04,1701.74,-997.67,4320.14,1970.58
2016-07-05,2327.49,-260.85,5049.35,4835.969999999999
2016-07-06,1969.07,-580.41,4706.49,51.56
2016-07-07,1677.58,-888.57,4361.22,3882.2300000000005
2016-07-08,1698.27,-1001.38,4313.11,179.97
2016-07-10,1665.67,-813.29,4246.25,973.71
2016-07-11,1568.69,-1001.66,4130.34,3810.4700000000003
2016-08-01,2216.97,-485.9,4800.45,1859.16
2016-08-02,2922.4,414.24,5622.45,1369.48
2016-08-03,2633.48,-27.6,5215.41,2190.81
2016-08-04,2410.84,-399.15,5147.46,2906.39
2016-08-05,2500.0,154.05,5112.64,1340.25
2016-08-07,2581.45,-159.05,5178.0,2616.52
2016-08-08,2524.8,-158.23,5158.1,1115.2
2016-08-09,3153.27,555.85,5807.28,4493.99
2016-08-10,2777.86,175.57,5398.05,561.53
2016-08-11,2464.2,-197.47,5184.09,993.9000000000001
2016-08-12,2460.63,-73.73,5018.4,4709.08
2016-09-01,1192.83,-1449.41,3866.52,743.05
2016-09-02,1266.25,-1302.54,3824.05,121.83
2016-09-03,1313.76,-1094.29,4017.57,635.6
2016-09-04,1380.84,-1369.5,3990.72,1115.19
2016-09-05,1371.41,-1217.15,3882.81,1283.51
2016-09-06,2074.47,-537.23,4541.94,1688.4700000000003
2016-09-07,1780.24,-859.21,4371.54,573.29
2016-09-08,1564.33,-1212.82,4126.73,661.36
2016-09-09,1675.47,-887.07,4311.14,84.99
2016-09-10,1748.97,-646.24,4301.12,546.93
2016-09-11,1830.14,-689.29,4337.15,479.97
2016-09-12,1822.65,-837.37,4288.57,1855.4899999999998
2016-10-01,1694.93,-851.8,4475.36,174.75
2016-10-03,1592.74,-1154.21,4220.74,7879.73
2016-10-04,2221.94,-215.63,4893.03,950.5899999999999
2016-10-05,1844.47,-730.83,4424.05,763.0200000000001
2016-10-06,1549.87,-1073.51,4163.01,1412.4
2016-10-07,1591.36,-1119.65,4218.55,895.9000000000001
2016-10-09,1627.66,-1119.84,4200.69,2094.32
2016-10-10,1572.99,-861.02,4222.09,282.75
2016-10-11,2238.62,-620.92,4893.36,4723.49
2016-10-12,1891.82,-826.51,4325.45,3459.71
2016-11-01,2322.44,-109.7,5121.77,149.44
2016-11-02,1949.01,-831.34,4529.1,69.93
2016-11-03,1657.12,-882.85,4334.51,896.03
2016-11-05,1717.14,-947.27,4413.62,5.98
2016-11-06,1746.52,-933.79,4448.87,1623.4
2016-11-08,2371.88,-395.37,4825.7,151.82
2016-11-09,2026.9,-504.01,4739.07,6501.6
2016-11-10,1763.73,-983.45,4490.47,33.06
2016-11-11,1838.49,-680.17,4744.17,4944.29
2016-11-12,1878.29,-574.17,4411.63,6102.26
2016-12-02,1762.38,-808.75,4474.23,1366.04
2016-12-03,1730.89,-898.94,4246.74,1694.6399999999999
2016-12-04,1715.95,-846.84,4568.89,1542.52
2016-12-05,1621.38,-1021.9,4116.07,918.88
2016-12-06,2268.37,-263.91,4904.65,2962.55
2016-12-07,1888.34,-705.0,4573.55,95.76
2016-12-08,1599.32,-1053.9,4148.84,3951.9500000000003
2016-12-09,1662.12,-1070.02,4349.03,2043.7899999999997
2016-12-11,1766.61,-735.9,4433.87,4914.93
2016-12-12,1759.52,-784.85,4411.41,1981.11
2017-01-01,3758.33,1182.23,6525.04,1481.83
2017-01-04,3788.4,1530.01,6441.19,5972.98
2017-01-05,3381.75,529.81,6006.09,4108.37
2017-01-06,3297.9,627.54,6051.05,5058.36
2017-01-07,3158.87,717.85,5765.31,639.83
2017-01-08,3016.48,373.85,5445.69,2085.65
2017-01-09,2774.41,176.2,5474.37,1261.81
2017-01-10,3266.41,594.42,5767.07,2978.4700000000003
2017-01-11,2701.96,35.84,5512.19,2921.43
2017-01-12,2216.37,-225.59,4894.49,5331.18
2017-02-01,2503.9,13.55,5180.7,2079.54
2017-02-02,2418.84,-360.6,5004.07,913.35
2017-02-03,2685.57,113.47,5330.23,1450.1399999999999
2017-02-04,2916.27,272.69,5637.5,822.97
2017-02-05,3157.14,487.85,5887.05,399.11
2017-02-06,3304.36,635.08,5737.86,135.7
2017-02-07,4193.99,1542.83,6684.0,169.19
2017-02-09,3892.56,996.36,6412.65,9354.86
2017-02-10,4105.75,1547.48,6745.54,5418.0199999999995
2017-02-11,4261.81,1670.19,6880.77,6294.389999999999
2017-02-12,4408.69,1914.07,6955.84,9951.19
2017-03-01,3503.79,961.58,6236.63,2070.27
2017-03-02,3004.37,402.1,5666.25,922.3199999999999
2017-03-03,2851.67,291.76,5521.44,2000.1
2017-03-04,2659.17,-64.89,5410.04,32.53
2017-03-05,2478.86,-151.14,5194.15,1386.3500000000001
2017-03-06,2210.94,-406.2,4920.25,2952.03
2017-03-07,2705.19,61.81,5319.99,6963.41
2017-03-08,2130.78,-736.76,4779.42,531.35
2017-03-09,1644.9,-1049.79,4169.34,1595.8500000000001
2017-03-10,1517.55,-1085.82,4338.2,2504.48
2017-03-11,1360.59,-1196.51,4020.63,4536.9400000000005
2017-03-12,1225.52,-1455.42,3620.06,1403.8400000000001
2017-04-02,1381.04,-1376.74,4134.11,32.67
2017-04-03,1464.64,-1162.41,4304.58,228.82
2017-04-04,2319.17,-242.46,4991.37,808.47
2017-04-05,2091.1,-359.48,4507.94,1389.4
2017-04-06,1946.13,-525.75,4494.91,279.41
2017-04-08,2317.63,-161.7,4711.49,20.069999999999997
2017-04-09,2487.15,-286.07,5066.16,5360.18
2017-04-10,2557.16,-127.12,5096.16,19.98
2017-04-11,3384.92,940.34,6054.33,10668.09
2017-04-12,3112.38,647.64,5573.56,2639.64
2017-05-02,2832.38,276.66,5471.21,2263.01
2017-05-03,2346.69,-303.7,5096.27,1240.02
2017-05-05,1929.0,-739.59,4599.76,185.12
2017-05-06,1876.52,-790.43,4390.81,491.12
2017-05-07,1848.46,-816.48,4321.75,476.34999999999997
2017-05-08,1741.5,-900.67,4405.15,503.67999999999995
2017-05-09,2423.89,-389.89,4885.17,327.04
2017-05-10,2020.11,-661.75,4683.47,6684.610000000001
2017-05-11,1712.54,-827.84,4288.31,2355.06
2017-05-12,1775.29,-796.48,4190.44,1453.15
2017-06-01,1914.24,-784.05,4625.76,33.74
2017-06-02,1883.1,-780.12,4289.38,904.35
2017-06-03,1806.46,-717.87,4690.08,778.24
2017-06-04,1738.21,-903.79,4258.22,114.41999999999999
2017-06-05,1575.48,-1028.54,4228.54,3183.37
2017-06-06,2197.36,-328.19,4882.0,31.349999999999998
2017-06-07,1711.53,-858.09,4307.08,380.39
2017-06-08,1315.06,-1425.59,3971.05,1424.0300000000002
2017-06-10,1228.64,-1386.53,3954.58,1499.65
2017-06-11,1191.56,-1400.18,3651.7,4288.74
2017-06-12,1072.6,-1431.58,3923.94,10.68
2017-07-01,1937.21,-698.26,4472.19,3395.59
2017-07-03,1941.46,-697.61,4506.41,166.59
2017-07-04,2673.16,65.35,5286.47,1971.29
2017-07-05,2273.14,-606.87,4924.35,2549.46
2017-07-07,1982.08,-649.41,4570.63,1620.25
2017-07-08,1967.02,-747.33,4705.16,3479.62
2017-07-09,1957.76,-729.15,4626.2,3848.57
2017-07-10,1849.69,-661.38,4513.99,2749.2
2017-07-11,2532.59,-296.35,5310.42,2413.37
2017-07-12,2090.05,-466.91,4769.81,2916.51
2017-08-01,3248.67,704.93,6000.81,892.98
2017-08-03,2684.11,176.99,5269.5,843.1
2017-08-04,2801.08,206.82,5396.87,6401.93
2017-08-05,2865.57,283.53,5664.45,3658.5499999999997
2017-08-06,2929.15,406.32,5619.8,2227.05
2017-08-07,2883.3,288.88,5558.98,1980.27
2017-08-09,3213.24,541.26,6071.92,2184.33
2017-08-10,2873.03,42.67,5493.29,608.35
2017-08-11,2887.7,261.0,5434.52,384.1
2017-08-12,2846.15,272.98,5566.22,7643.04
2017-09-01,1409.99,-1104.08,4010.8,274.49
2017-09-02,1449.69,-1280.18,3945.78,773.75
2017-09-03,1513.71,-1053.53,4155.9,710.8000000000001
2017-09-04,1492.23,-1082.98,4070.72,1626.71
2017-09-05,2289.26,-379.05,4912.76,1078.22
2017-09-06,1946.42,-625.04,4616.16,939.13
2017-09-07,1695.89,-874.3,4364.43,1671.21
2017-09-09,1908.54,-681.22,4622.38,4356.07
2017-09-10,2005.7,-575.35,4842.64,1496.5900000000001
2017-09-11,2003.5,-578.56,4788.55,4751.5
2017-09-12,2808.1,56.65,5447.41,5470.4
2017-10-02,1858.74,-973.84,4490.81,227.1
2017-10-03,2570.78,-8.27,5245.53,1252.9499999999998
2017-10-04,2130.9,-583.22,4788.96,755.53
2017-10-06,1825.06,-850.81,4328.34,2513.34
2017-10-07,1829.09,-828.71,4370.5,359.2099999999999
2017-10-08,1851.82,-629.91,4563.63,1823.0700000000002
2017-10-09,1783.1,-782.38,4260.55,2506.65
2017-10-10,2539.04,-49.4,5093.17,239.36
2017-10-11,2138.45,-779.9,4905.75,4007.54
2017-10-12,1829.67,-773.4,4436.16,3873.56
2017-11-02,1897.04,-769.69,4657.27,1241.53
2017-11-03,1944.17,-714.87,4538.6,1973.7
2017-11-04,1953.59,-641.17,4696.08,319.8
2017-11-05,1980.58,-566.12,4535.08,449.48
2017-11-06,1914.69,-861.38,4567.26,1580.89
2017-11-07,2681.63,43.61,5324.6,1728.8899999999999
2017-11-08,2281.74,-385.25,4943.78,708.71
2017-11-09,1975.99,-451.6,4558.23,5564.0
2017-11-11,2099.34,-818.95,4722.64,1815.2199999999998
2017-11-12,2156.91,-301.0,4957.27,2823.96
2017-12-01,2071.87,-663.61,4734.82,848.52
2017-12-03,2006.74,-768.71,4488.53,353.28
2017-12-04,1888.9,-720.57,4545.15,69.66
2017-12-05,2614.21,51.87,5231.83,970.38
2017-12-06,2166.06,-462.45,4934.37,1679.98
2017-12-07,1819.68,-960.65,4451.81,3.82
2017-12-08,1872.76,-1031.5,4451.03,3693.0800000000004
2017-12-09,1897.77,-724.77,4572.37,491.54999999999995
2017-12-10,1951.32,-754.74,4631.26,5635.34
2017-12-11,1922.13,-674.83,4641.46,2911.38
2017-12-12,2747.24,12.24,5477.21,
2017-12-13,2403.19,-125.84,5150.32,
2017-12-14,2165.9,-390.07,4886.05,
2017-12-15,2331.15,-336.1,4796.56,
2017-12-16,2467.64,-132.68,5260.51,
2017-12-17,2629.24,-38.43,5328.65,
2017-12-18,2701.47,-30.99,5072.5,
2017-12-19,3620.72,1189.71,6116.72,
2017-12-20,3356.0,681.03,5780.85,
2017-12-21,3183.66,475.52,5906.95,
2017-12-22,3397.89,816.61,5927.66,
2017-12-23,3564.41,793.54,6145.85,
2017-12-24,3735.61,1054.97,6293.24,
2017-12-25,3795.62,942.49,6247.02,
2017-12-26,4682.4,1962.0,7242.79,
2017-12-27,4360.02,1674.5,6983.43,
2017-12-28,4108.24,1432.87,6748.4,
2017-12-29,4222.85,1707.57,6889.89,
2017-12-30,4270.0,1769.8,7062.92,
2017-12-31,4304.16,1713.69,6837.19,
2018-01-01,4211.59,1588.7,6787.9,
2018-01-02,4935.28,2417.3,7527.53,
2018-01-03,4437.69,1787.03,6978.69,
2018-01-04,4005.07,1492.89,6792.24,
2018-01-05,3937.58,1273.87,6626.09,
2018-01-06,3804.14,1329.12,6512.61,
2018-01-07,3663.21,1021.97,6337.74,
2018-01-08,3404.59,844.9,6202.97,
2018-01-09,3977.12,1409.1,6546.66,
2018-01-10,3341.93,477.47,6075.43,
2018-01-11,2791.42,185.16,5527.29,
2018-01-12,2629.2,-227.95,5317.73,
2018-01-13,2425.5,-186.9,4984.83,
2018-01-14,2240.73,-389.98,4901.5,
2018-01-15,1965.67,-601.15,4614.36,
2018-01-16,2552.09,-116.05,5151.63,
2018-01-17,1956.46,-669.16,4616.38,
2018-01-18,1473.67,-1116.28,3985.34,
2018-01-19,1406.97,-1080.06,3884.96,
2018-01-20,1323.93,-1264.3,4118.13,
2018-01-21,1282.91,-1211.72,4010.21,
2018-01-22,1171.8,-1357.72,3764.32,
2018-01-23,1941.5,-527.4,4537.23,
2018-01-24,1540.27,-1109.8,4129.12,
2018-01-25,1262.35,-1346.29,3847.77,
2018-01-26,1407.77,-1229.1,4110.01,
2018-01-27,1539.11,-1182.29,4089.14,
2018-01-28,1710.83,-928.51,4334.38,
2018-01-29,1806.6,-739.56,4664.12,
2018-01-30,2775.72,88.82,5339.64,
2018-01-31,2558.07,-52.63,5167.06,
2018-02-01,2447.61,-214.58,5030.04,
2018-02-02,2742.16,240.08,5370.47,
2018-02-03,3000.74,349.59,5692.44,
2018-02-04,3275.88,497.7,5812.1,
2018-02-05,3449.4,800.97,6123.71,
2018-02-06,4471.76,1861.22,7129.74,
2018-02-07,4277.51,1685.5,7093.33,
2018-02-08,4163.59,1698.22,6917.95,
2018-02-09,4428.97,1655.09,7019.78,
2018-02-10,4632.61,2012.04,7165.08,
2018-02-11,4828.55,2337.02,7350.53,
2018-02-12,4900.1,2249.72,7463.32,
2018-02-13,5802.06,3228.32,8295.84,
2018-02-14,5466.6,3025.84,8106.43,
2018-02-15,5196.3,2688.17,7802.37,
2018-02-16,5293.62,2469.74,7860.93,
2018-02-17,5319.39,2574.14,7849.75,
2018-02-18,5330.7,2872.65,7909.49,
2018-02-19,5213.53,2378.7,7894.3,
2018-02-20,5927.67,3216.72,8777.47,
2018-02-21,5403.24,2743.62,7997.92,
2018-02-22,4948.33,2306.88,7651.96,
2018-02-23,4868.44,2202.6,7482.45,
2018-02-24,4725.42,1958.8,7464.07,
2018-02-25,4578.32,1941.87,7420.89,
2018-02-26,4314.37,1636.06,6831.71,
2018-02-27,4896.83,2376.97,7582.81,
2018-02-28,4252.01,1516.18,6898.23,
2018-03-01,3691.71,943.23,6306.47,
2018-03-02,3522.57,859.73,6192.14,
2018-03-03,3305.65,547.44,5748.77,
2018-03-04,3100.11,297.36,5590.94,
2018-03-05,2792.74,209.13,5346.37,
2018-03-06,3348.66,808.76,5945.72,
2018-03-07,2688.93,86.77,5242.03,
2018-03-08,2127.83,-519.36,4783.27,
2018-03-09,1972.02,-584.04,4707.02,
2018-03-10,1780.9,-861.82,4251.45,
2018-03-11,1613.04,-1079.63,4149.59,
2018-03-12,1354.27,-1063.84,3997.2,
2018-03-13,1971.22,-671.26,4693.53,
2018-03-14,1379.48,-1097.86,3955.38,
2018-03-15,895.68,-1664.43,3656.16,
2018-03-16,826.56,-1831.79,3563.66,
2018-03-17,729.84,-1829.67,3359.42,
2018-03-18,663.62,-1997.85,3357.37,
2018-03-19,512.82,-2294.95,3043.62,
2018-03-20,1245.66,-1351.75,3904.87,
2018-03-21,772.27,-1674.15,3445.57,
2018-03-22,411.56,-2288.0,3045.5,
2018-03-23,470.16,-2241.74,3197.11,
2018-03-24,503.95,-1925.46,3290.61,
2018-03-25,570.18,-2153.67,3237.05,
2018-03-26,552.48,-2210.19,3142.75,
2018-03-27,1420.14,-1288.88,4216.9,
2018-03-28,1077.26,-1554.07,3605.63,
2018-03-29,844.46,-1679.99,3467.21,
2018-03-30,1027.68,-1743.36,3536.94,
2018-03-31,1180.3,-1323.38,3876.3,
2018-04-01,1358.25,-1207.12,3987.06,
2018-04-02,1443.36,-1167.39,4034.79,
2018-04-03,2405.64,-366.12,4855.05,
2018-04-04,2143.0,-559.95,4796.74,
2018-04-05,1977.71,-666.71,4612.61,
2018-04-06,2215.2,-495.69,4862.47,
2018-04-07,2406.77,-128.89,4955.23,
2018-04-08,2607.59,126.73,5190.59,
2018-04-09,2698.62,-61.18,5120.32,
2018-04-10,3651.68,1178.91,6439.61,
2018-04-11,3359.81,676.86,5924.08,
2018-04-12,3148.5,681.62,6010.92,
2018-04-13,3324.38,678.14,5907.96,
2018-04-14,3438.59,659.95,6128.3,
2018-04-15,3547.58,932.45,6167.8,
2018-04-16,3533.47,849.53,6327.95,
2018-04-17,4372.06,1646.43,7019.38,
2018-04-18,3953.58,1382.41,6621.44,
2018-04-19,3608.75,867.35,6283.05,
2018-04-20,3647.3,955.7,6069.57,
2018-04-21,3621.86,891.21,6304.12,
2018-04-22,3591.6,644.3,6197.52,
2018-04-23,3441.01,866.06,5972.55,
2018-04-24,4150.65,1659.02,6882.74,
2018-04-25,3608.46,1098.09,6417.78,
2018-04-26,3150.48,541.9,5814.95,
2018-04-27,3089.24,583.28,5910.55,
2018-04-28,2978.17,445.45,5576.1,
2018-04-29,2878.1,192.52,5712.62,
2018-04-30,2674.4,-141.64,5329.64,
2018-05-01,3350.64,727.21,6047.89,
2018-05-02,2790.32,64.72,5598.48,
2018-05-03,2332.45,-351.81,4964.45,
2018-05-04,2289.79,-390.28,4769.61,
2018-05-05,2213.86,-308.92,4908.23,
2018-05-06,2164.34,-491.74,4622.89,
2018-05-07,2024.7,-523.71,4701.62,
2018-05-08,2778.74,305.08,5426.53,
2018-05-09,2302.96,-366.35,4776.98,
2018-05-10,1936.93,-733.59,4502.34,
2018-05-11,1991.48,-663.73,4590.73,
2018-05-12,2014.43,-537.39,4597.29,
2018-05-13,2062.88,-707.0,4402.52,
2018-05-14,2017.34,-402.3,4750.92,
2018-05-15,2861.3,82.7,5361.75,
2018-05-16,2464.13,-9.96,5070.04,
2018-05-17,2166.28,-374.63,4739.28,
2018-05-18,2277.49,-128.07,5039.62,
2018-05-19,2343.12,-170.74,5062.07,
2018-05-20,2419.34,-336.13,5153.84,
2018-05-21,2385.75,-256.36,4930.72,
2018-05-22,3227.84,421.88,5877.07,
2018-05-23,2810.44,236.24,5175.69,
2018-05-24,2477.69,256.61,5237.3,
2018-05-25,2541.11,57.72,5284.31,
2018-05-26,2546.49,-141.0,5104.37,
2018-05-27,2551.95,-21.39,5083.9,
2018-05-28,2438.94,-242.5,5098.36,
2018-05-29,3197.48,770.07,5914.99,
2018-05-30,2690.13,112.3,5320.94,
2018-05-31,2266.65,-332.17,5066.29,
2018-06-01,2241.88,-307.5,4660.77,
2018-06-02,2163.21,-402.24,4963.61,
2018-06-03,2091.34,-454.71,4677.18,
2018-06-04,1909.75,-791.55,4768.21,
2018-06-05,2612.69,-108.02,5231.45,
2018-06-06,2059.69,-550.84,4641.35,
2018-06-07,1604.88,-998.3,4235.57,
2018-06-08,1564.81,-1021.25,4448.64,
2018-06-09,1486.39,-1185.1,4019.67,
2018-06-10,1430.59,-1349.74,4097.96,
2018-06-11,1280.32,-1317.71,3949.39,
2018-06-12,2031.3,-575.91,4716.8,
2018-06-13,1537.13,-1205.0,4210.43,
2018-06-14,1153.45,-1615.9,3801.4,
2018-06-15,1195.64,-1442.62,3824.03,
2018-06-16,1207.48,-1502.65,3929.66,
2018-06-17,1247.71,-1275.54,3976.45,
2018-06-18,1196.46,-1269.36,3687.35,
2018-06-19,2049.12,-376.54,4523.13,
2018-06-20,1651.89,-1054.09,4215.69,
2018-06-21,1360.92,-1186.28,3963.75,
2018-06-22,1489.88,-1145.14,3998.2,
2018-06-23,1579.38,-1077.84,4240.58,
2018-06-24,1686.36,-1082.04,4339.92,
2018-06-25,1689.1,-908.49,4240.25,
2018-06-26,2583.97,-11.74,5342.26,
2018-06-27,2211.56,-218.93,4731.57,
2018-06-28,1930.62,-601.92,4617.12,
2018-06-29,2055.58,-478.96,4570.02,
2018-06-30,2126.45,-718.82,4963.82,
2018-07-01,2201.21,-393.21,4815.03,
2018-07-02,2159.13,-434.9,4825.63,
2018-07-03,3000.42,276.53,5697.5,
2018-07-04,2562.82,-18.44,5359.15,
2018-07-05,2210.27,-438.52,4812.75,
2018-07-06,2260.25,-495.63,4915.64,
2018-07-07,2254.27,-380.91,4622.41,
2018-07-08,2252.94,-371.7,4847.18,
2018-07-09,2137.77,-522.56,4817.11,
2018-07-10,2913.56,270.34,5453.72,
2018-07-11,2415.51,-50.08,5143.43,
2018-07-12,2012.53,-655.31,4669.56,
2018-07-13,2024.51,-563.59,4781.05,
2018-07-14,1993.23,-499.8,4730.3,
2018-07-15,1980.41,-652.92,4519.87,
2018-07-16,1867.8,-723.28,4562.29,
2018-07-17,2662.5,-6.55,5226.42,
2018-07-18,2194.58,-570.06,4949.28,
2018-07-19,1835.2,-854.41,4244.75,
2018-07-20,1903.71,-641.95,4385.71,
2018-07-21,1939.33,-706.43,4547.51,
2018-07-22,2001.99,-534.27,4530.62,
2018-07-23,1970.98,-673.29,4671.25,
2018-07-24,2853.21,229.05,5615.38,
2018-07-25,2471.37,-104.12,5354.8,
2018-07-26,2197.01,-388.01,4816.5,
2018-07-27,2347.53,-352.59,4940.64,
2018-07-28,2458.55,129.06,5090.57,
2018-07-29,2587.68,34.91,5114.29,
2018-07-30,2611.74,70.67,5187.38,
2018-07-31,3537.91,780.82,6066.15,
2018-08-01,3182.51,350.93,5862.49,
2018-08-02,2918.88,298.77,5592.95,
2018-08-03,3064.32,336.18,5570.99,
2018-08-04,3153.1,408.32,5628.6,
2018-08-05,3243.08,507.9,5776.46,
2018-08-06,3211.39,557.62,5865.27,
2018-08-07,4068.44,1461.9,6698.77,
2018-08-08,3627.23,895.65,6349.3,
2018-08-09,3265.94,592.73,5978.97,
2018-08-10,3304.75,646.6,5916.54,
2018-08-11,3279.37,657.18,5884.88,
2018-08-12,3250.46,630.91,6038.89,
2018-08-13,3097.69,404.39,5685.85,
2018-08-14,3836.58,1237.71,6325.27,
2018-08-15,3278.22,596.89,5913.14,
2018-08-16,2806.6,90.08,5551.39,
2018-08-17,2745.24,-1.04,5322.81,
2018-08-18,2631.23,-17.47,5130.23,
2018-08-19,2527.47,-82.12,5214.03,
2018-08-20,2315.15,-366.25,4920.24,
2018-08-21,3013.36,403.88,5707.69,
2018-08-22,2429.35,-62.54,5098.92,
2018-08-23,1950.62,-790.52,4643.17,
2018-08-24,1901.41,-596.32,4555.31,
2018-08-25,1817.35,-746.89,4596.17,
2018-08-26,1760.6,-646.43,4575.93,
2018-08-27,1610.78,-1097.44,4179.81,
2018-08-28,2387.47,-32.79,5025.24,
2018-08-29,1891.15,-676.18,4459.05,
2018-08-30,1510.0,-1200.49,4248.75,
2018-08-31,1566.46,-1119.28,4245.49,
2018-09-01,1592.46,-898.84,4439.41,
2018-09-02,1647.55,-1027.71,4457.4,
2018-09-03,1608.33,-1054.43,4196.94,
2018-09-04,2493.93,-27.11,5184.87,
2018-09-05,2097.52,-612.35,4728.54,
2018-09-06,1807.96,-828.07,4517.41,
2018-09-07,1946.33,-653.06,4555.35,
2018-09-08,2041.81,-577.13,4519.02,
2018-09-09,2152.71,-259.2,4835.04,
2018-09-10,2154.35,-560.41,4794.1,
2018-09-11,3067.52,405.15,5550.94,
2018-09-12,2680.41,103.7,5250.69,
2018-09-13,2385.17,-313.11,4884.53,
2018-09-14,2504.21,-129.96,5096.97,
2018-09-15,2566.74,-113.01,5280.17,
2018-09-16,2632.53,-142.64,5149.02,
2018-09-17,2578.3,-105.81,5401.5,
2018-09-18,3428.92,849.44,6115.04,
2018-09-19,2969.88,366.45,5738.69,
2018-09-20,2598.53,-105.26,5194.84,
2018-09-21,2640.22,85.48,5097.29,
2018-09-22,2625.35,-81.68,5320.94,
2018-09-23,2615.98,23.97,5289.38,
2018-09-24,2490.59,-66.77,5190.18,
2018-09-25,3278.08,673.25,5913.73,
2018-09-26,2760.76,-34.47,5401.74,
2018-09-27,2340.28,-190.22,4929.78,
2018-09-28,2343.7,-385.24,4781.64,
2018-09-29,2301.09,-421.16,4804.8,
2018-09-30,2274.97,-339.77,4979.6,
2018-10-01,2143.52,-593.92,4809.81,
2018-10-02,2937.54,320.48,5549.17,
2018-10-03,2433.88,-153.45,5025.6,
2018-10-04,2036.29,-472.71,4686.43,
2018-10-05,2071.35,-666.67,4634.49,
2018-10-06,2066.72,-586.09,4869.73,
2018-10-07,2083.52,-388.15,4718.03,
2018-10-08,1998.04,-680.4,4530.2,
2018-10-09,2841.61,280.16,5630.86,
2018-10-10,2384.63,-219.02,5098.61,
2018-10-11,2032.28,-517.3,4731.0,
2018-10-12,2110.34,-528.07,4674.45,
2018-10-13,2144.15,-260.66,4830.74,
2018-10-14,2193.82,-253.27,4944.79,
2018-10-15,2134.52,-476.27,4822.96,
2018-10-16,2999.13,315.36,5520.64,
2018-10-17,2552.96,-145.62,5140.58,
2018-10-18,2204.13,-331.89,4836.42,
2018-10-19,2279.31,-352.41,4796.48,
2018-10-20,2303.32,-149.31,4936.78,
2018-10-21,2337.12,-214.38,4887.31,
2018-10-22,2256.54,-388.03,4976.59,
2018-10-23,3097.81,514.58,5625.81,
2018-10-24,2622.7,77.38,5300.67,
2018-10-25,2243.66,-350.61,4895.38,
2018-10-26,2289.48,-422.07,4968.76,
2018-10-27,2285.3,-307.87,4973.06,
2018-10-28,2293.54,-380.41,4944.55,
2018-10-29,2190.95,-325.86,4791.29,
2018-10-30,3017.02,183.13,5602.54,
2018-10-31,2529.59,-338.12,5031.18,
2018-11-01,2144.77,-575.42,4728.44,
2018-11-02,2192.41,-314.86,4674.39,
2018-11-03,2196.77,-279.5,4743.96,
2018-11-04,2220.22,-489.97,4856.24,
2018-11-05,2138.84,-477.09,4688.77,
2018-11-06,2993.64,284.55,5728.82,
2018-11-07,2536.77,37.26,5196.34,
2018-11-08,2186.23,-452.31,5125.2,
2018-11-09,2271.26,-216.66,4996.88,
2018-11-10,2313.69,-163.26,4915.65,
2018-11-11,2374.54,1.35,5093.82,
2018-11-12,2328.09,-186.73,5175.84,
2018-11-13,3216.07,515.64,5897.48,
2018-11-14,2784.44,255.88,5442.29,
2018-11-15,2452.94,-403.03,5087.68,
2018-11-16,2550.45,-133.96,5108.53,
2018-11-17,2596.91,-7.29,5279.72,
2018-11-18,2652.88,238.47,5238.24,
2018-11-19,2592.1,-227.08,5163.92,
2018-11-20,3458.54,753.82,6051.78,
2018-11-21,2993.74,353.85,5615.05,
2018-11-22,2621.16,2.65,5081.72,
2018-11-23,2671.37,120.58,5110.86,
2018-11-24,2664.61,-147.28,5267.85,
2018-11-25,2663.17,74.06,5412.58,
2018-11-26,2542.33,-100.45,5252.5,
2018-11-27,3350.24,683.8,6096.18,
2018-11-28,2825.78,89.68,5446.97,
2018-11-29,2397.59,-66.57,5023.11,
2018-11-30,2399.11,-67.32,5215.48,
2018-12-01,2351.66,-332.17,4945.98,
2018-12-02,2319.61,-323.46,4892.99,
2018-12-03,2179.7,-304.59,4865.99,
2018-12-04,2983.8,192.03,5704.72,
2018-12-05,2467.17,-65.6,5041.27,
2018-12-06,2062.22,-695.56,4917.43,
2018-12-07,2103.49,-415.99,4727.7,
2018-12-08,2111.24,-647.46,4734.61,
2018-12-09,2149.42,-501.7,4656.18,
2018-12-10,2093.58,-371.5,4822.86,
2018-12-11,2996.37,374.59,5546.47,
